id;name;type;datasource;description
1;Dynamic connect;Berkshire Table;Generic scalable Unbranded Concrete Shirt;payment
2;Accounts Accounts;synthesizing Centers;payment;schemas Rubber Hawaii
3;4th generation;markets Checking Account;Checking Account;Gorgeous Steel Towels
4;driver;Grocery ability;Interactions Beauty;Graphic Interface magenta Dominican Peso
5;Directives;Accounts Movies Home Loan Account;Agent circuit;Tasty Fresh Computer synergize Soft
6;Personal Loan Account architecture;Operations New Mexico HDD;Rustic array;Lead Loaf Borders
7;Cheese Arkansas;neural-net Developer web-enabled;Chief payment Planner;deliverables Lithuanian Litas Seychelles
8;Fresh Intelligent;Concrete synthesize;Director application Assurance;Technician Tanzania web-readiness
9;deposit;bypass CSS;Money Market Account;parsing Road Tasty
10;Utah Overpass;open-source;Chief ROI Senior;Inlet Texas cultivate
