id;name;dashboard;dashboard_content_type;description
1;orchestrate target;../fake-data/blob/hipster.png;image/png;revolutionize
2;Missouri array;../fake-data/blob/hipster.png;image/png;circuit blue input
3;Solutions paradigms;../fake-data/blob/hipster.png;image/png;Checking Account
4;multi-byte;../fake-data/blob/hipster.png;image/png;markets Checking Account
5;monitor Borders;../fake-data/blob/hipster.png;image/png;pixel Cloned
6;PNG Program Cheese;../fake-data/blob/hipster.png;image/png;Architect
7;algorithm;../fake-data/blob/hipster.png;image/png;bluetooth Fresh Operations
8;parsing;../fake-data/blob/hipster.png;image/png;Incredible Usability
9;robust;../fake-data/blob/hipster.png;image/png;withdrawal solid state human-resource
10;Tasty;../fake-data/blob/hipster.png;image/png;engineer quantifying invoice
